{
	"ImportPath": "github.com/yudai/gotty",
	"GoVersion": "go1.6",
	"GodepVersion": "v62",
	"Packages": [
		"./..."
	],
	"Deps": [
		{
			"ImportPath": "github.com/braintree/manners",
			"Comment": "0.4.0-6-g9e2a271",
			"Rev": "9e2a2714de21eb092ead2ef56d8c7a60d7928819"
		},
		{
			"ImportPath": "github.com/codegangsta/cli",
			"Comment": "1.2.0-139-g142e6cd",
			"Rev": "142e6cd241a4dfbf7f07a018f1f8225180018da4"
		},
		{
			"ImportPath": "github.com/elazarl/go-bindata-assetfs",
			"Rev": "d5cac425555ca5cf00694df246e04f05e6a55150"
		},
		{
			"ImportPath": "github.com/fatih/structs",
			"Rev": "a9f7daa9c2729e97450c2da2feda19130a367d8f"
		},
		{
			"ImportPath": "github.com/gorilla/websocket",
			"Rev": "b6ab76f1fe9803ee1d59e7e5b2a797c1fe897ce5"
		},
		{
			"ImportPath": "github.com/hashicorp/go-multierror",
			"Rev": "56912fb08d85084aa318edcf2bba735b97cf35c5"
		},
		{
			"ImportPath": "github.com/kr/pty",
			"Comment": "release.r56-28-g5cf931e",
			"Rev": "5cf931ef8f76dccd0910001d74a58a7fca84a83d"
		},
		{
			"ImportPath": "github.com/yudai/hcl",
			"Rev": "5fa2393b3552119bf33a69adb1402a1160cba23d"
		},
		{
			"ImportPath": "github.com/yudai/hcl/hcl",
			"Rev": "5fa2393b3552119bf33a69adb1402a1160cba23d"
		},
		{
			"ImportPath": "github.com/yudai/hcl/json",
			"Rev": "5fa2393b3552119bf33a69adb1402a1160cba23d"
		},
		{
			"ImportPath": "github.com/yudai/umutex",
			"Rev": "18216d265c6bc72c3bb0ad9c8103d47d530b7003"
		}
	]
}
